index,depth,row,col,input_a,input_b
0,0,0,0,0.26239777,0.27353945
1,0,0,1,-1.3643824,-0.43642384
2,0,0,2,-0.23293605,0.49114582
3,0,0,3,-1.9244,0.14969656
4,0,0,4,0.54767793,0.593714
5,0,0,5,0.16724648,1.0382156
6,0,0,6,1.3291028,0.14662209
7,0,0,7,1.0584272,0.51487905
8,0,0,8,-0.5374704,-0.33937675
9,0,0,9,0.15336029,-0.62817305
10,0,1,0,0.76117796,-0.4644237
11,0,1,1,0.03397156,0.08451688
12,0,1,2,0.9453486,-0.04069381
13,0,1,3,0.7564974,0.30870718
14,0,1,4,0.20087601,-0.8663998
15,0,1,5,0.7460971,0.7972424
16,0,1,6,0.8930769,-0.95664734
17,0,1,7,1.466002,-0.51733726
18,0,1,8,1.6946046,-0.2049919
19,0,1,9,-1.3482422,-0.41652033
20,0,2,0,0.49729577,0.1344246
21,0,2,1,-0.004002415,-0.51610506
22,0,2,2,0.82496095,-0.32351816
23,0,2,3,-0.4970327,0.9036161
24,0,2,4,-1.7706094,-0.11202226
25,0,2,5,0.043589745,1.3400012
26,0,2,6,-0.5925977,-0.23828849
27,0,2,7,-1.6344243,-0.97592366
28,0,2,8,-2.253291,1.9373276
29,0,2,9,-1.8070407,-0.5050997
30,0,3,0,-0.4324523,1.4802595
31,0,3,1,-0.48479024,-0.3131756
32,0,3,2,1.3759352,-0.33718655
33,0,3,3,-0.15969384,-0.68677026
34,0,3,4,0.5392267,0.095701724
35,0,3,5,2.0903387,-0.9219236
36,0,3,6,-2.3679402,-0.074813254
37,0,3,7,0.71219736,-1.1197176
38,0,3,8,-0.5578022,-1.3808042
39,0,3,9,-0.81727237,0.16051094
40,0,4,0,-1.7853618,0.6282746
41,0,4,1,1.464469,-1.1696336
42,0,4,2,0.34565282,-0.75632113
43,0,4,3,0.6926747,-0.9518955
44,0,4,4,0.16951223,-1.7741586
45,0,4,5,0.44298354,-0.49876022
46,0,4,6,0.5600067,-0.025401818
47,0,4,7,0.42305982,-0.41202307
48,0,4,8,0.32960358,0.45668697
49,0,4,9,0.13834381,0.69301176
50,0,5,0,-0.25807,1.5656619
51,0,5,1,-0.39758268,-0.75080395
52,0,5,2,-2.9806395,-1.1198939
53,0,5,3,0.8562465,-0.53435266
54,0,5,4,-0.5854931,-0.39380616
55,0,5,5,-1.0347133,-0.9198404
56,0,5,6,-0.87580985,-0.18967664
57,0,5,7,-0.05794703,0.2948758
58,0,5,8,1.1250821,-0.5046845
59,0,5,9,0.08509943,2.2245858
60,0,6,0,1.1726948,-0.5304533
61,0,6,1,0.11279996,-0.5527047
62,0,6,2,-0.53130597,-2.925375
63,0,6,3,1.2365135,0.72600424
64,0,6,4,-0.24935359,0.8594698
65,0,6,5,-0.4222763,-0.6555177
66,0,6,6,-0.54507643,-0.45540273
67,0,6,7,0.43030104,0.57289135
68,0,6,8,0.23745953,0.29652756
69,0,6,9,-0.6876399,1.5493394
70,0,7,0,0.90426403,-0.75408065
71,0,7,1,1.3852772,1.7822899
72,0,7,2,-0.23365237,0.37374085
73,0,7,3,-0.5279023,0.92927986
74,0,7,4,0.35594255,0.32054046
75,0,7,5,-0.74608946,0.59781104
76,0,7,6,-0.88278383,-0.17190221
77,0,7,7,1.3710427,0.3609749
78,0,7,8,-0.4815935,-0.60928774
79,0,7,9,0.90775037,-1.4552553
80,0,8,0,1.496358,0.25453076
81,0,8,1,-0.40927657,0.71990025
82,0,8,2,-0.90456134,-0.45118845
83,0,8,3,-2.2320514,-0.6177345
84,0,8,4,0.44093522,0.9193128
85,0,8,5,2.4663494,-2.846469
86,0,8,6,0.22545257,-0.529742
87,0,8,7,0.90259004,0.56772
88,0,8,8,0.52021945,-0.6915283
89,0,8,9,-0.587623,2.2780793
90,0,9,0,-1.0409547,0.6773826
91,0,9,1,1.3478435,-1.1895744
92,0,9,2,0.09343211,-1.4515294
93,0,9,3,0.4912989,-0.89444584
94,0,9,4,-1.6192328,-0.33641544
95,0,9,5,-2.1075466,1.7392976
96,0,9,6,-0.30607936,-1.1682833
97,0,9,7,0.8424714,-0.1834655
98,0,9,8,-0.5931157,0.12577274
99,0,9,9,1.3257809,1.0946792
100,1,0,0,1.668542,-0.631812
101,1,0,1,0.28193808,-0.108366065
102,1,0,2,-0.07159146,-0.9617036
103,1,0,3,0.83750254,-0.28676173
104,1,0,4,0.9946505,0.6600083
105,1,0,5,-0.5329928,0.94795847
106,1,0,6,0.63816243,-0.011506336
107,1,0,7,-1.5120949,-0.61547816
108,1,0,8,0.25912258,0.35031828
109,1,0,9,-0.6860391,0.46834522
110,1,1,0,1.3762739,-0.41410232
111,1,1,1,0.36897007,0.25412917
112,1,1,2,1.9939337,-0.621484
113,1,1,3,0.37455192,-0.23976563
114,1,1,4,-0.10060816,-0.38187906
115,1,1,5,0.69265383,0.4561212
116,1,1,6,-1.0175023,-0.6786069
117,1,1,7,0.29215166,1.2113768
118,1,1,8,1.127635,0.035289604
119,1,1,9,-0.9952456,-1.1494278
120,1,2,0,1.217135,-1.0057576
121,1,2,1,1.0459911,0.31537062
122,1,2,2,-1.1924685,-1.5171523
123,1,2,3,1.3584542,-0.20730786
124,1,2,4,-0.22520153,-1.4085861
125,1,2,5,0.64782566,-0.6942867
126,1,2,6,-1.5255926,-0.1123517
127,1,2,7,2.548971,-0.57303405
128,1,2,8,1.3628317,-0.15217558
129,1,2,9,-0.8897843,2.0168471
130,1,3,0,0.8961476,0.25572854
131,1,3,1,0.098638974,-0.03403423
132,1,3,2,0.27258137,0.7944454
133,1,3,3,0.3758236,0.15463519
134,1,3,4,-0.08512896,-0.6063416
135,1,3,5,1.2731397,1.613488
136,1,3,6,-0.64635134,1.1859376
137,1,3,7,-1.33934,0.085196726
138,1,3,8,0.66354746,0.46078315
139,1,3,9,0.44048607,0.29811868
140,1,4,0,1.2764058,0.61669326
141,1,4,1,0.27899143,-1.7671293
142,1,4,2,0.0768436,-0.2759558
143,1,4,3,-0.22480473,-0.5819554
144,1,4,4,0.99337643,0.15699996
145,1,4,5,-0.9338018,0.8373415
146,1,4,6,-2.182303,0.47643796
147,1,4,7,-0.59001553,-0.97719574
148,1,4,8,-0.21585988,0.26883367
149,1,4,9,-0.5636853,-0.93413377
150,1,5,0,-0.97233826,-1.0209359
151,1,5,1,1.150849,-1.9622144
152,1,5,2,-3.037375,-0.6912595
153,1,5,3,-1.8363105,-1.5891243
154,1,5,4,1.1348041,1.7022998
155,1,5,5,-0.3004928,0.0700239
156,1,5,6,-0.06451531,-0.45316204
157,1,5,7,-1.2122393,-1.3021884
158,1,5,8,-0.6144507,-1.112406
159,1,5,9,-0.49335742,-0.677967
160,1,6,0,-1.7636244,0.3035883
161,1,6,1,0.5979559,0.63062257
162,1,6,2,-0.5861489,-0.0610653
163,1,6,3,0.086599395,-0.23790537
164,1,6,4,1.2544723,-0.33157584
165,1,6,5,-2.179252,-0.64959633
166,1,6,6,0.94631183,0.14096065
167,1,6,7,-1.7014012,-1.4290707
168,1,6,8,-0.17812537,1.8572288
169,1,6,9,-0.452742,-0.3617178
170,1,7,0,-1.1306672,-1.1707673
171,1,7,1,0.13312244,-0.19152188
172,1,7,2,-0.9686059,0.02485433
173,1,7,3,-1.2020042,-1.5601647
174,1,7,4,0.56875455,-1.7038752
175,1,7,5,-1.141359,-1.3218762
176,1,7,6,-0.20578307,0.6252018
177,1,7,7,-2.0795517,0.53924525
178,1,7,8,0.31829304,0.43538117
179,1,7,9,-0.56918156,0.6686249
180,1,8,0,-0.68811995,1.6137187
181,1,8,1,-0.36676857,1.0636299
182,1,8,2,0.5157216,0.32160252
183,1,8,3,-1.7750016,1.1195235
184,1,8,4,0.6937878,0.52831334
185,1,8,5,1.9589008,-0.9620872
186,1,8,6,1.02719,0.33671516
187,1,8,7,-0.507674,1.3454671
188,1,8,8,1.472689,0.72539693
189,1,8,9,0.51225317,-0.20942819
190,1,9,0,-0.49055332,-0.47554463
191,1,9,1,-1.0194227,-0.8307839
192,1,9,2,0.6504887,0.12181579
193,1,9,3,0.348004,-0.18253288
194,1,9,4,-1.6151605,-1.2703983
195,1,9,5,0.020651605,1.097585
196,1,9,6,0.8988965,-1.5078554
197,1,9,7,-0.7329044,0.38865334
198,1,9,8,1.5190762,-0.7441186
199,1,9,9,0.93001354,-1.4478016
200,2,0,0,-0.6476347,-0.46524826
201,2,0,1,0.9791735,0.13526154
202,2,0,2,0.35334337,0.112703234
203,2,0,3,0.89957213,0.6836863
204,2,0,4,0.34004912,-0.07076401
205,2,0,5,0.503441,1.1944923
206,2,0,6,0.03237103,-0.32085422
207,2,0,7,0.8755556,-0.38340357
208,2,0,8,0.7077857,-1.4857545
209,2,0,9,0.7317534,1.9408606
210,2,1,0,0.8866337,0.84142053
211,2,1,1,-0.34890944,0.3498404
212,2,1,2,0.085726984,-1.679099
213,2,1,3,0.46594292,0.049406234
214,2,1,4,0.50746,-1.2153456
215,2,1,5,-1.1321013,-0.61112213
216,2,1,6,-0.60971004,0.03545029
217,2,1,7,-1.7248148,1.2123588
218,2,1,8,-0.18189138,0.8531008
219,2,1,9,0.10241509,-0.3171893
220,2,2,0,0.6065935,-0.48455217
221,2,2,1,1.3104347,1.0243795
222,2,2,2,-0.77615225,-1.6239083
223,2,2,3,-1.0239534,0.9948299
224,2,2,4,2.1123385,0.019801425
225,2,2,5,1.7631128,0.10757947
226,2,2,6,2.0670662,1.5477967
227,2,2,7,0.80386454,-2.1427758
228,2,2,8,1.8329899,-2.0246718
229,2,2,9,1.4400547,-1.1291564
230,2,3,0,2.6595066,0.29323676
231,2,3,1,0.27112216,-0.426896
232,2,3,2,-1.3015444,0.14653349
233,2,3,3,0.53797334,1.568254
234,2,3,4,0.045848448,0.48560223
235,2,3,5,0.5360763,-0.7426092
236,2,3,6,-0.4431496,-0.06288106
237,2,3,7,0.04813791,0.34706685
238,2,3,8,0.37094203,0.18648225
239,2,3,9,-0.6675535,-1.2425996
240,2,4,0,-2.4874318,-1.9191853
241,2,4,1,-0.78202665,-1.991231
242,2,4,2,0.6692954,0.8140109
243,2,4,3,-0.85700035,-0.1570039
244,2,4,4,-0.92024434,-0.16037361
245,2,4,5,0.2367355,-0.97582334
246,2,4,6,0.103780866,0.5483238
247,2,4,7,0.28099346,-0.87330836
248,2,4,8,0.035833746,1.9861482
249,2,4,9,-2.0615625,-0.35078576
250,2,5,0,1.0701672,1.6626211
251,2,5,1,-1.1009495,-0.7998125
252,2,5,2,0.5714361,-0.36440912
253,2,5,3,0.024798162,-1.1410326
254,2,5,4,0.16141795,0.9906884
255,2,5,5,0.26775923,0.19218609
256,2,5,6,0.41793132,0.48725182
257,2,5,7,0.057992328,-2.1220834
258,2,5,8,0.9238864,-0.40420714
259,2,5,9,1.254547,0.7365723
260,2,6,0,-0.2022657,-0.8715804
261,2,6,1,-1.5475023,0.22302741
262,2,6,2,-2.100284,-1.0328983
263,2,6,3,-0.6828499,-0.15529804
264,2,6,4,0.81595314,-0.653921
265,2,6,5,1.0378673,1.1779956
266,2,6,6,-0.48161352,-1.1292485
267,2,6,7,-0.82356805,1.7704084
268,2,6,8,0.2708086,0.5015349
269,2,6,9,-0.26881105,-0.11353649
270,2,7,0,0.18227604,-1.0556775
271,2,7,1,-2.3976624,0.2282322
272,2,7,2,2.2457504,1.4114857
273,2,7,3,-1.8997182,-1.2892501
274,2,7,4,-0.4795777,1.5682784
275,2,7,5,0.7807878,-0.88038284
276,2,7,6,-1.0871605,0.30052873
277,2,7,7,-0.8668884,-1.6276143
278,2,7,8,-1.9408528,-0.40317556
279,2,7,9,0.17365947,-0.3620634
280,2,8,0,-0.23091951,0.36259013
281,2,8,1,1.7840573,-0.51145715
282,2,8,2,0.23649041,-2.108351
283,2,8,3,0.8037345,1.1367782
284,2,8,4,0.24548556,-0.24268258
285,2,8,5,-0.55819577,-2.8773174
286,2,8,6,1.1929047,0.2073347
287,2,8,7,0.32692957,0.6510308
288,2,8,8,0.7455783,0.84647
289,2,8,9,-1.2878267,0.65796137
290,2,9,0,-1.7289947,-0.26061767
291,2,9,1,1.7001902,-0.3833043
292,2,9,2,-0.09124376,-0.09039285
293,2,9,3,0.5271438,1.0302434
294,2,9,4,0.82181674,0.16049218
295,2,9,5,2.416034,1.4235114
296,2,9,6,1.1269175,2.8884249
297,2,9,7,0.52729446,-1.6949608
298,2,9,8,0.047096595,-0.8315297
299,2,9,9,0.613828,-0.38727906
300,3,0,0,-0.05743493,1.24677
301,3,0,1,-0.06569342,-0.32401052
302,3,0,2,-1.1586397,-1.6462203
303,3,0,3,-1.21305,-2.0812716
304,3,0,4,0.43768883,-0.42401785
305,3,0,5,-1.2085364,0.75597906
306,3,0,6,1.2524934,0.81409794
307,3,0,7,2.4229016,-1.1707033
308,3,0,8,-0.13784921,-0.22449562
309,3,0,9,-0.6509011,-2.1870263
310,3,1,0,-1.00817,-0.8598583
311,3,1,1,1.0965351,-0.1283245
312,3,1,2,1.0166991,-0.6305723
313,3,1,3,0.845228,0.12308144
314,3,1,4,-0.4128848,-0.19903582
315,3,1,5,-0.08820171,-1.2558949
316,3,1,6,-1.3111283,0.18263212
317,3,1,7,0.3518772,1.6909919
318,3,1,8,1.132123,-1.5756203
319,3,1,9,-0.5176869,1.5340465
320,3,2,0,-0.4782037,0.80819464
321,3,2,1,1.6348858,-0.08229849
322,3,2,2,-0.058544986,-0.5007785
323,3,2,3,1.2662525,-0.4477731
324,3,2,4,1.9688421,-0.21458143
325,3,2,5,-1.0618341,-0.6957394
326,3,2,6,-1.6306669,0.6087623
327,3,2,7,-0.54160565,-0.44003427
328,3,2,8,0.28162855,-0.41796955
329,3,2,9,-0.20997372,0.016221333
330,3,3,0,-0.6481305,-1.1715951
331,3,3,1,-0.17558287,-0.6636004
332,3,3,2,0.95310384,0.9393255
333,3,3,3,1.5570672,0.4906067
334,3,3,4,0.68639356,-0.14694011
335,3,3,5,-0.367802,-0.37538508
336,3,3,6,0.25041127,-0.74239767
337,3,3,7,0.07598291,0.40675002
338,3,3,8,-0.9745572,0.3515497
339,3,3,9,-0.32817796,0.9670509
340,3,4,0,-0.8010974,-1.168436
341,3,4,1,0.6159807,-0.047332637
342,3,4,2,-0.9434761,0.2327065
343,3,4,3,-0.3847458,0.28693694
344,3,4,4,0.26972312,0.81776685
345,3,4,5,-1.9568456,2.378737
346,3,4,6,0.40336594,0.82850194
347,3,4,7,0.24261215,-0.8638731
348,3,4,8,-0.39454797,0.14773653
349,3,4,9,1.3548167,-1.4446231
350,3,5,0,-1.4878508,0.32605466
351,3,5,1,0.4433297,-1.2565668
352,3,5,2,0.549756,-1.529273
353,3,5,3,-0.12244381,1.0112286
354,3,5,4,-0.024603475,-1.1825051
355,3,5,5,1.5074848,0.31041715
356,3,5,6,0.3720126,-0.9044227
357,3,5,7,-1.5665872,0.21410646
358,3,5,8,0.6832226,1.766901
359,3,5,9,0.5912143,-0.49648678
360,3,6,0,0.394254,0.4368678
361,3,6,1,-0.5207507,0.038335312
362,3,6,2,1.297224,-0.3279553
363,3,6,3,0.60047317,-1.2993487
364,3,6,4,-0.32611218,0.65977645
365,3,6,5,-0.030149696,1.7864451
366,3,6,6,1.4193866,0.5660375
367,3,6,7,0.4947889,0.2617599
368,3,6,8,-0.7914022,-1.0374283
369,3,6,9,-0.24860623,0.37839925
370,3,7,0,-1.6414486,1.2217269
371,3,7,1,-0.34409693,-0.27029875
372,3,7,2,-0.41555083,-0.66487086
373,3,7,3,-0.058180206,-1.5040971
374,3,7,4,-0.99823,0.23280586
375,3,7,5,0.09011668,-0.76484996
376,3,7,6,0.78191376,-0.4668018
377,3,7,7,0.12163864,-0.69286877
378,3,7,8,-0.63869685,0.32357502
379,3,7,9,1.454919,-0.6005583
380,3,8,0,0.2534937,-0.2251854
381,3,8,1,-1.4663123,1.6128788
382,3,8,2,0.09189976,0.88288057
383,3,8,3,0.40944356,0.63936937
384,3,8,4,0.17596298,2.0452151
385,3,8,5,1.9248785,-1.3113875
386,3,8,6,0.09064409,1.1582087
387,3,8,7,-0.33159325,-1.0308545
388,3,8,8,-0.85619855,0.42109615
389,3,8,9,0.4584543,0.5508404
390,3,9,0,-1.4120964,1.1546004
391,3,9,1,1.4839422,-0.37580612
392,3,9,2,-0.90959036,0.18134616
393,3,9,3,0.13918723,-0.4530539
394,3,9,4,-1.3356557,0.25634813
395,3,9,5,-0.7719517,-0.93003434
396,3,9,6,-1.3775873,0.18704452
397,3,9,7,0.99207467,-1.9535278
398,3,9,8,0.41751117,-1.5832613
399,3,9,9,-0.04192975,0.52937746
400,4,0,0,1.0789965,-0.34017944
401,4,0,1,1.0504758,-0.77671874
402,4,0,2,0.68693274,1.0270991
403,4,0,3,0.9984289,-0.79872125
404,4,0,4,-2.1934233,0.7075015
405,4,0,5,1.654735,0.016753796
406,4,0,6,-1.0982285,-0.40809885
407,4,0,7,1.3700272,0.7553411
408,4,0,8,0.8644826,-0.36152276
409,4,0,9,0.3330559,-0.12315431
410,4,1,0,-0.3545974,0.2568147
411,4,1,1,-1.9096916,-0.43547943
412,4,1,2,0.25984782,-0.7882997
413,4,1,3,-0.17547974,-1.1771773
414,4,1,4,0.89341736,-1.0839422
415,4,1,5,0.63978297,-1.9226931
416,4,1,6,-1.0329628,-1.8928771
417,4,1,7,-1.0636041,-0.65130484
418,4,1,8,-0.42281166,-0.33460674
419,4,1,9,0.11063578,0.6779287
420,4,2,0,0.5019757,-0.06462483
421,4,2,1,0.2802997,0.89672107
422,4,2,2,-0.16795282,0.54321563
423,4,2,3,1.236949,0.5340189
424,4,2,4,1.269696,-1.0708294
425,4,2,5,-1.4664804,-1.2870429
426,4,2,6,0.5879995,0.46062016
427,4,2,7,-0.86131763,-0.3164219
428,4,2,8,-1.6401389,0.05663883
429,4,2,9,1.1811627,-0.5035465
430,4,3,0,-1.1993563,0.14118293
431,4,3,1,0.8320276,-0.89423823
432,4,3,2,0.54466915,-0.44480333
433,4,3,3,0.6280361,2.542934
434,4,3,4,-0.55445015,-1.2003785
435,4,3,5,-0.48737198,0.34429014
436,4,3,6,0.31828865,0.69605184
437,4,3,7,1.3973247,-0.6668693
438,4,3,8,-0.5332098,-1.1464003
439,4,3,9,0.49551818,0.75377816
440,4,4,0,0.64864665,-1.7797852
441,4,4,1,0.67465764,1.6745653
442,4,4,2,-0.13528095,-0.11053948
443,4,4,3,-1.2488989,-0.03642927
444,4,4,4,1.0185014,2.5552971
445,4,4,5,0.40693903,-1.9028035
446,4,4,6,-0.04053467,0.28462076
447,4,4,7,-1.7892927,0.41311163
448,4,4,8,-0.6594668,-1.2957733
449,4,4,9,-0.13946329,-0.38493678
450,4,5,0,0.05766986,-0.20384023
451,4,5,1,1.3696291,0.6392074
452,4,5,2,-0.24929821,-1.5644904
453,4,5,3,-0.58848184,0.6375248
454,4,5,4,-0.25226927,0.34015095
455,4,5,5,-0.10842186,1.6252701
456,4,5,6,-1.4342078,0.09955242
457,4,5,7,1.2749438,-0.97421724
458,4,5,8,0.88078016,0.38249344
459,4,5,9,-0.9983226,-0.48522112
460,4,6,0,-0.67507297,0.08977349
461,4,6,1,-0.6713688,0.99627215
462,4,6,2,0.7831484,0.54540443
463,4,6,3,-0.26004028,0.14993325
464,4,6,4,0.97842723,-1.9801575
465,4,6,5,0.049622495,-1.772979
466,4,6,6,0.6816659,1.1359483
467,4,6,7,0.524396,0.3639925
468,4,6,8,0.70626426,-0.85813904
469,4,6,9,-0.36389646,0.51068497
470,4,7,0,-0.6553135,0.74511546
471,4,7,1,-0.13330306,0.38567686
472,4,7,2,0.80893016,-0.41239816
473,4,7,3,1.2884339,0.29139978
474,4,7,4,-0.36826918,1.3460209
475,4,7,5,1.4240901,0.5729658
476,4,7,6,0.14421456,1.4201359
477,4,7,7,0.1008597,1.1477392
478,4,7,8,-0.45208007,-0.36917436
479,4,7,9,-0.46238753,2.3528094
480,4,8,0,-0.74004436,-0.1132659
481,4,8,1,-1.4124393,1.2254994
482,4,8,2,-0.36810902,-0.48698854
483,4,8,3,-0.6117711,1.9578483
484,4,8,4,-0.1446907,-0.698993
485,4,8,5,0.8455415,0.02598353
486,4,8,6,2.4148068,0.3968237
487,4,8,7,0.37674573,0.61459875
488,4,8,8,-0.6985938,0.6889074
489,4,8,9,1.4613609,0.5391772
490,4,9,0,0.39683196,0.035677
491,4,9,1,1.3353575,1.3553399
492,4,9,2,1.8527868,1.6966336
493,4,9,3,1.44345,-1.072751
494,4,9,4,2.4904408,1.0939575
495,4,9,5,1.1877388,-1.5255325
496,4,9,6,0.65096456,0.7223293
497,4,9,7,0.46378374,0.7593408
498,4,9,8,0.51262504,2.2374904
499,4,9,9,0.45600152,0.8365142
500,5,0,0,1.3575227,0.25210062
501,5,0,1,-0.08914225,0.2825231
502,5,0,2,0.5068452,0.4222183
503,5,0,3,1.096829,1.4164066
504,5,0,4,-0.76493627,2.0493026
505,5,0,5,0.6891358,0.47729024
506,5,0,6,-0.62509054,1.9250536
507,5,0,7,0.3787073,-0.81458664
508,5,0,8,1.5014462,0.7601106
509,5,0,9,-1.1363586,-0.95239663
510,5,1,0,1.0173705,1.3481048
511,5,1,1,-0.7564875,-0.10556231
512,5,1,2,-1.1636041,-2.4656377
513,5,1,3,0.7267416,1.4807677
514,5,1,4,-1.0290085,-0.18990527
515,5,1,5,-0.67989296,1.2528584
516,5,1,6,-0.90757746,-0.16256863
517,5,1,7,0.35432538,0.24167146
518,5,1,8,1.3558177,0.6144945
519,5,1,9,0.19801155,1.5674518
520,5,2,0,0.69562197,0.14279656
521,5,2,1,-0.83551395,-2.218787
522,5,2,2,-0.65862864,0.79405415
523,5,2,3,2.0559347,1.1421176
524,5,2,4,-0.7842896,-0.4097488
525,5,2,5,0.5726171,-1.8965791
526,5,2,6,-0.20965216,-0.9716231
527,5,2,7,-0.6936861,1.4451859
528,5,2,8,0.76009417,-0.023413122
529,5,2,9,-0.70292395,0.8779617
530,5,3,0,-0.5280103,-1.608386
531,5,3,1,-0.79557884,-0.66894317
532,5,3,2,0.016924446,0.48521057
533,5,3,3,-1.4701686,0.55435055
534,5,3,4,-0.6586162,0.34858218
535,5,3,5,0.08566525,-0.4348892
536,5,3,6,-1.7909777,0.41922167
537,5,3,7,0.40795204,1.4216236
538,5,3,8,-0.37037826,0.36097872
539,5,3,9,-2.7613606,-1.1199939
540,5,4,0,0.6786938,-1.2001286
541,5,4,1,-0.3902403,0.47149244
542,5,4,2,-0.6215489,-0.44649515
543,5,4,3,0.9723671,-0.11296387
544,5,4,4,0.50292075,1.6677192
545,5,4,5,-1.8709182,0.57844174
546,5,4,6,-1.2167051,-0.58154213
547,5,4,7,-0.026240265,-0.4263628
548,5,4,8,-0.034843575,0.9038017
549,5,4,9,1.9698617,1.3995819
550,5,5,0,-0.06516134,-0.73819625
551,5,5,1,-0.016390052,-0.51982635
552,5,5,2,-0.9588193,-0.36639696
553,5,5,3,-0.9534879,-0.20845124
554,5,5,4,-0.29447365,0.69719386
555,5,5,5,0.9913757,1.5160384
556,5,5,6,-0.5538227,-0.49537686
557,5,5,7,0.73478866,-0.29156095
558,5,5,8,-1.1986909,-1.6505333
559,5,5,9,-0.7846988,0.5108244
560,5,6,0,0.5200471,0.5435214
561,5,6,1,0.2654822,-1.8717836
562,5,6,2,1.5959735,0.51122713
563,5,6,3,-0.60892093,-0.9907
564,5,6,4,-0.96672535,-1.1030647
565,5,6,5,-1.6061997,2.1077347
566,5,6,6,1.1134754,0.11906472
567,5,6,7,0.017790945,-0.038431652
568,5,6,8,0.2696287,1.6223191
569,5,6,9,-0.12624356,0.87509763
570,5,7,0,-1.4195768,-0.06843479
571,5,7,1,-0.29616424,-0.20226787
572,5,7,2,1.0853379,-1.1856092
573,5,7,3,-0.20505996,-0.66001546
574,5,7,4,0.22670946,0.323744
575,5,7,5,-0.19474821,0.504103
576,5,7,6,0.81620896,0.057328977
577,5,7,7,1.0380038,0.4366291
578,5,7,8,1.7585905,-0.6921144
579,5,7,9,1.7778913,0.42489767
580,5,8,0,0.39949638,0.8265496
581,5,8,1,-0.15300119,-0.1518838
582,5,8,2,-0.7126054,1.3205612
583,5,8,3,-0.25399736,-1.3397789
584,5,8,4,0.118552275,0.347841
585,5,8,5,-0.79753774,0.6050964
586,5,8,6,0.3243536,0.4143271
587,5,8,7,0.88412094,0.48201945
588,5,8,8,0.687318,-0.30537716
589,5,8,9,0.5102888,-0.5213876
590,5,9,0,1.1041977,-0.4656807
591,5,9,1,-1.4614273,0.11656935
592,5,9,2,-0.22196025,-1.0732788
593,5,9,3,-0.64349395,-0.079996645
594,5,9,4,-0.1255358,0.77254325
595,5,9,5,2.5867608,-0.34063312
596,5,9,6,-2.0762248,-0.5465155
597,5,9,7,-1.0816847,-0.91350424
598,5,9,8,1.4927644,1.1749505
599,5,9,9,0.8633704,0.7552521
600,6,0,0,-0.045027487,1.054392
601,6,0,1,1.0324699,-2.160434
602,6,0,2,0.27991518,1.589079
603,6,0,3,-1.5004212,1.4900217
604,6,0,4,-0.13872686,-0.20338352
605,6,0,5,-2.095427,-1.111069
606,6,0,6,0.12230553,-0.70916134
607,6,0,7,0.28105563,1.8405669
608,6,0,8,0.6307578,0.54095507
609,6,0,9,1.1998245,0.2215586
610,6,1,0,0.71182597,-0.5460589
611,6,1,1,0.75694454,-0.2751576
612,6,1,2,-0.9941203,1.3039638
613,6,1,3,-1.4992151,-1.9735522
614,6,1,4,-1.672951,-0.88846487
615,6,1,5,-0.013445224,0.34324315
616,6,1,6,0.7715022,-1.3717318
617,6,1,7,-0.18038131,0.62998295
618,6,1,8,-2.1570418,0.8160935
619,6,1,9,-0.9441617,-0.7710383
620,6,2,0,-0.49008426,-0.056597833
621,6,2,1,0.48742613,-0.010153391
622,6,2,2,-0.3405658,2.0412557
623,6,2,3,1.0080233,0.7059651
624,6,2,4,-0.4480936,-0.5346686
625,6,2,5,1.0108751,0.56483406
626,6,2,6,-0.5612506,1.1595181
627,6,2,7,-0.5106495,1.4734284
628,6,2,8,0.023604285,0.44359672
629,6,2,9,-1.5540665,0.7847243
630,6,3,0,0.12231964,-1.4074881
631,6,3,1,-1.0081884,0.0648915
632,6,3,2,-0.44219533,0.22043426
633,6,3,3,-1.0827476,-0.37342098
634,6,3,4,0.6318243,0.3707109
635,6,3,5,-0.944283,0.29599258
636,6,3,6,-0.17431498,0.3026981
637,6,3,7,-0.4640004,-0.11957977
638,6,3,8,-0.9415359,0.24976538
639,6,3,9,1.329585,0.010348955
640,6,4,0,-2.008497,-0.10835894
641,6,4,1,-0.4987035,0.3966678
642,6,4,2,0.01124243,1.4162143
643,6,4,3,0.13048695,-1.7947687
644,6,4,4,-0.4700857,-0.23462644
645,6,4,5,-0.011030004,-1.3102491
646,6,4,6,-0.4778067,0.8224736
647,6,4,7,1.2633543,-1.133718
648,6,4,8,0.9637808,1.9875351
649,6,4,9,1.1943818,-2.3015888
650,6,5,0,-0.2708766,0.61104304
651,6,5,1,-0.22901876,-0.2586756
652,6,5,2,1.2680104,-0.1896148
653,6,5,3,-1.0529785,1.2867736
654,6,5,4,-0.6356925,-0.11615027
655,6,5,5,0.51612127,-1.639114
656,6,5,6,-0.48196816,-0.66070116
657,6,5,7,-0.012991633,-1.0590268
658,6,5,8,0.9283335,-0.029917931
659,6,5,9,-0.72884876,-0.99172676
660,6,6,0,-0.9536082,-0.9762147
661,6,6,1,0.2477619,-1.7410192
662,6,6,2,0.6518616,1.4120322
663,6,6,3,1.3421491,-0.5425792
664,6,6,4,-1.739068,-0.4633026
665,6,6,5,0.64971894,-1.1340631
666,6,6,6,0.21119,0.8292037
667,6,6,7,0.8009387,-0.61748993
668,6,6,8,1.1572804,-0.73322386
669,6,6,9,0.52030796,3.1103187
670,6,7,0,0.9261787,-0.35062757
671,6,7,1,-0.0018198881,0.23052388
672,6,7,2,0.35921085,0.97164637
673,6,7,3,0.45392436,-0.4296853
674,6,7,4,1.4949595,-0.47686574
675,6,7,5,0.31734154,-0.772724
676,6,7,6,-0.76522154,-1.9645405
677,6,7,7,-1.9423256,-0.17482354
678,6,7,8,-0.6662668,1.3790896
679,6,7,9,0.49823016,0.18986511
680,6,8,0,-1.5856012,-1.0721654
681,6,8,1,-0.91305697,0.5030284
682,6,8,2,1.3635687,-0.3642856
683,6,8,3,0.06939142,-1.4188502
684,6,8,4,0.22280045,-0.22526017
685,6,8,5,-1.240188,-0.27875867
686,6,8,6,1.4537334,-0.84840703
687,6,8,7,-1.1148117,-0.3745395
688,6,8,8,0.11452003,0.38992497
689,6,8,9,1.1347816,-0.45830828
690,6,9,0,0.57201743,-1.6120209
691,6,9,1,0.032849815,-0.009597501
692,6,9,2,-0.1595769,-2.3201602
693,6,9,3,2.024551,-1.0107331
694,6,9,4,-0.9693982,-0.04710313
695,6,9,5,2.1371958,0.81265855
696,6,9,6,1.000665,0.774932
697,6,9,7,-0.66116375,-0.44536445
698,6,9,8,0.3804998,0.9762945
699,6,9,9,2.1585033,0.32883796
700,7,0,0,-0.11946665,0.006589721
701,7,0,1,-0.6908276,-1.0308142
702,7,0,2,0.34792754,-0.5853746
703,7,0,3,-0.4423888,1.3540225
704,7,0,4,0.5541211,-0.8244261
705,7,0,5,0.10188229,1.268839
706,7,0,6,-0.42141998,-1.4394413
707,7,0,7,-0.2217196,0.591128
708,7,0,8,-0.793802,-1.6593386
709,7,0,9,0.43424243,1.5049037
710,7,1,0,2.0797524,-1.1112694
711,7,1,1,0.2149536,0.45669276
712,7,1,2,1.1139466,0.8352486
713,7,1,3,-0.3273687,0.3346994
714,7,1,4,0.25724098,0.1262189
715,7,1,5,-0.1796237,-0.17443225
716,7,1,6,-1.8922192,0.1954032
717,7,1,7,2.275724,-0.6952237
718,7,1,8,-0.8246748,2.3078852
719,7,1,9,-0.71482265,0.62914425
720,7,2,0,2.088096,0.9686757
721,7,2,1,0.006037232,0.031469483
722,7,2,2,-0.55292344,-0.8364282
723,7,2,3,-0.029250955,-0.5915837
724,7,2,4,-0.9224887,-0.44827354
725,7,2,5,0.33516866,-1.8885744
726,7,2,6,-0.38911694,1.6117231
727,7,2,7,-2.1064718,0.7239922
728,7,2,8,0.38144535,-1.5219022
729,7,2,9,-0.8290713,0.3533443
730,7,3,0,0.016850049,0.57917345
731,7,3,1,0.42701378,1.1688589
732,7,3,2,0.23072329,-0.19819179
733,7,3,3,-0.72698194,0.2985553
734,7,3,4,0.04668419,-0.44674644
735,7,3,5,1.613008,-0.16494101
736,7,3,6,-1.4945734,1.9070804
737,7,3,7,-0.8311477,1.4468949
738,7,3,8,1.0304267,0.62528116
739,7,3,9,-1.6564825,-0.5213296
740,7,4,0,0.8245257,-0.28106487
741,7,4,1,1.0740664,0.8860601
742,7,4,2,-1.1357836,0.5206049
743,7,4,3,1.1560477,-0.971283
744,7,4,4,1.7473807,-0.010428389
745,7,4,5,0.7938579,0.16931266
746,7,4,6,-1.4176401,-2.0704927
747,7,4,7,0.25250432,-0.5716288
748,7,4,8,-0.8265856,1.4071984
749,7,4,9,-2.0327604,-0.35044315
750,7,5,0,-1.2822956,-0.5284322
751,7,5,1,0.0687021,-0.46730146
752,7,5,2,-0.6501241,0.72972363
753,7,5,3,1.3160957,0.028680753
754,7,5,4,0.9556384,0.9536895
755,7,5,5,0.25761196,-0.95422953
756,7,5,6,-0.91838616,0.8668356
757,7,5,7,-0.09288918,-0.16916911
758,7,5,8,0.33833498,1.8325062
759,7,5,9,-0.7715601,-0.4211158
760,7,6,0,-1.6463654,1.8301071
761,7,6,1,0.39476094,0.3623784
762,7,6,2,0.2729291,-0.2748246
763,7,6,3,-1.0519439,-2.5916343
764,7,6,4,0.24114771,-1.572564
765,7,6,5,-0.16289566,-0.9416156
766,7,6,6,-0.1648531,0.5116999
767,7,6,7,-0.11015942,1.0948777
768,7,6,8,-0.63500994,0.4820895
769,7,6,9,-0.98130506,-1.5983261
770,7,7,0,-0.2703735,-0.23878415
771,7,7,1,-0.8722686,-0.6525114
772,7,7,2,-1.0337476,0.5434164
773,7,7,3,-0.4673753,0.84103405
774,7,7,4,0.027845422,-1.2136202
775,7,7,5,-0.41753805,0.16491672
776,7,7,6,-0.9146241,-1.7264898
777,7,7,7,1.0424287,-0.9460156
778,7,7,8,-1.2888591,-0.12580855
779,7,7,9,-0.09741507,0.90075916
780,7,8,0,0.48645502,-0.3095239
781,7,8,1,-2.4352624,0.48584497
782,7,8,2,-1.1541221,0.707393
783,7,8,3,0.20226334,-0.18984723
784,7,8,4,1.6044192,-0.03399398
785,7,8,5,0.3749239,0.25839826
786,7,8,6,-0.25386268,0.17388012
787,7,8,7,1.1373134,-0.553681
788,7,8,8,-0.69418675,-0.22270398
789,7,8,9,-0.7807885,-0.09908348
790,7,9,0,-1.4479146,0.9387302
791,7,9,1,0.51011497,-0.9799322
792,7,9,2,2.1104364,0.3430038
793,7,9,3,0.23984782,-0.818856
794,7,9,4,0.6636553,0.98375475
795,7,9,5,-1.4341059,-0.6937628
796,7,9,6,0.055384595,-0.4023299
797,7,9,7,-1.347158,-0.8623697
798,7,9,8,-0.6384334,1.8946699
799,7,9,9,-0.364477,1.1016461
800,8,0,0,0.046482403,1.6721121
801,8,0,1,0.41097605,-0.07041155
802,8,0,2,0.83045775,0.06466305
803,8,0,3,-0.44639724,0.73908454
804,8,0,4,-0.07673643,-1.4991716
805,8,0,5,1.1199678,0.6146121
806,8,0,6,-0.06950131,-0.026416617
807,8,0,7,1.2442273,0.81195146
808,8,0,8,1.0661399,-0.8341922
809,8,0,9,0.37484273,-1.617762
810,8,1,0,-1.1867502,1.6195879
811,8,1,1,0.25871792,-0.9351377
812,8,1,2,-0.8389563,-1.7116003
813,8,1,3,0.45666638,-1.8331827
814,8,1,4,1.572402,0.5257887
815,8,1,5,0.76958436,-0.55606604
816,8,1,6,0.5713296,-0.7228284
817,8,1,7,-0.11955455,0.6949817
818,8,1,8,0.3838096,-0.07635344
819,8,1,9,-0.091979906,-0.46298143
820,8,2,0,1.2660822,1.2684563
821,8,2,1,0.7654063,-1.6537629
822,8,2,2,-1.2110674,1.0445979
823,8,2,3,-0.6690308,0.800166
824,8,2,4,-0.49717852,-1.6352873
825,8,2,5,0.22542657,0.77276796
826,8,2,6,-0.56424195,0.29385847
827,8,2,7,0.8219574,-1.9007436
828,8,2,8,-1.0272715,0.8078543
829,8,2,9,-1.2422272,-1.7108126
830,8,3,0,-1.7055997,0.107994586
831,8,3,1,0.6831915,0.13825648
832,8,3,2,1.7785378,-0.42569628
833,8,3,3,-1.5739448,-1.2138451
834,8,3,4,2.2942822,0.5420193
835,8,3,5,0.2046886,-0.4995897
836,8,3,6,-1.0850192,-0.062782064
837,8,3,7,1.1293236,0.6369851
838,8,3,8,-0.5721105,0.7508414
839,8,3,9,-0.17998005,-0.34409663
840,8,4,0,0.055841412,-1.0332507
841,8,4,1,-1.3728088,0.1922506
842,8,4,2,0.34361127,0.618364
843,8,4,3,0.911536,-2.4652565
844,8,4,4,-0.77220327,2.2853262
845,8,4,5,1.0973215,1.3885983
846,8,4,6,1.8298917,-0.124962404
847,8,4,7,0.58978796,-2.54419
848,8,4,8,0.123267554,-0.06985743
849,8,4,9,-0.46032262,-1.2587289
850,8,5,0,0.12277352,-0.9575149
851,8,5,1,0.86617136,-1.181477
852,8,5,2,0.24369988,0.59989357
853,8,5,3,-0.20410389,-0.19554394
854,8,5,4,-0.36624536,0.32635853
855,8,5,5,0.27054942,0.73542
856,8,5,6,0.080757424,-0.35524538
857,8,5,7,2.4949946,-0.16304815
858,8,5,8,0.6525319,0.317528
859,8,5,9,1.8444309,0.5627129
860,8,6,0,-1.0260731,-0.5639738
861,8,6,1,-1.7590199,0.10776918
862,8,6,2,-0.090468206,0.09436389
863,8,6,3,0.24124223,0.47588524
864,8,6,4,1.4316801,-1.3197991
865,8,6,5,-1.4409888,-0.9033863
866,8,6,6,0.06121652,2.2985253
867,8,6,7,-0.9447195,1.7795702
868,8,6,8,1.2355728,-0.24077165
869,8,6,9,0.5865067,0.8880598
870,8,7,0,0.78854316,-0.7232958
871,8,7,1,0.7104599,0.9202184
872,8,7,2,0.3097472,1.3143133
873,8,7,3,0.78623265,0.98981446
874,8,7,4,0.91426504,0.64365345
875,8,7,5,0.7409284,0.8334712
876,8,7,6,1.7785447,1.8093147
877,8,7,7,0.50283194,-1.4162749
878,8,7,8,0.035403382,1.0007011
879,8,7,9,1.6423919,-1.8320656
880,8,8,0,0.28852284,-0.53459257
881,8,8,1,-1.5297271,1.5191135
882,8,8,2,0.69682336,0.78478605
883,8,8,3,-0.2081184,-0.40084696
884,8,8,4,0.87735516,-0.32448906
885,8,8,5,0.7912544,-0.90470797
886,8,8,6,-0.36103868,-0.60490763
887,8,8,7,-1.1464329,-0.19461207
888,8,8,8,1.3348254,-0.54997236
889,8,8,9,-0.37306142,1.4657143
890,8,9,0,1.6547916,-0.8318807
891,8,9,1,1.3305844,0.5301576
892,8,9,2,0.30295524,1.2302438
893,8,9,3,-0.097113304,-0.71108407
894,8,9,4,-0.5781836,0.119088985
895,8,9,5,2.2079751,-0.11584569
896,8,9,6,-1.4376857,1.388049
897,8,9,7,1.2303271,-0.9591607
898,8,9,8,0.84172773,1.0562866
899,8,9,9,0.83586544,0.0635305
900,9,0,0,1.0912901,1.2043661
901,9,0,1,-0.1127286,-0.14627981
902,9,0,2,-0.90243614,1.0264431
903,9,0,3,-0.46693748,0.3254738
904,9,0,4,0.10484719,-0.23414898
905,9,0,5,0.14771716,-1.5269505
906,9,0,6,-0.19790168,-0.08450243
907,9,0,7,0.1725453,0.08339998
908,9,0,8,-0.38728115,0.12732449
909,9,0,9,-1.3077329,0.6507373
910,9,1,0,0.4641661,1.0904342
911,9,1,1,0.6595335,-0.101368256
912,9,1,2,1.2852135,0.5556623
913,9,1,3,-0.44797894,-0.5544013
914,9,1,4,-0.031345423,-0.17407902
915,9,1,5,-0.02972887,-0.019404238
916,9,1,6,-0.40747872,0.11750549
917,9,1,7,0.0627868,-1.2995131
918,9,1,8,1.8182892,0.0613555
919,9,1,9,0.80509096,0.7069416
920,9,2,0,0.17702955,1.3935862
921,9,2,1,-1.862382,-0.52343947
922,9,2,2,-0.15851492,0.97650045
923,9,2,3,-0.7990926,0.5470971
924,9,2,4,0.3476219,1.8842742
925,9,2,5,-0.39417535,1.4175268
926,9,2,6,1.278527,-0.9782243
927,9,2,7,0.5350475,-1.4661845
928,9,2,8,-1.6374259,0.5913302
929,9,2,9,1.6433996,-1.6114911
930,9,3,0,-0.40470818,-2.4726698
931,9,3,1,0.48569623,0.05128226
932,9,3,2,0.65074766,1.4772441
933,9,3,3,-0.5475144,0.8665269
934,9,3,4,-0.32511473,0.116272785
935,9,3,5,-1.4471157,-0.62525076
936,9,3,6,-2.8157992,0.3101826
937,9,3,7,1.229607,-1.2938045
938,9,3,8,1.2549772,-0.12259315
939,9,3,9,-0.66155297,1.1430868
940,9,4,0,-0.34637487,1.1146847
941,9,4,1,-0.38264808,-2.0549242
942,9,4,2,1.091337,-0.71606654
943,9,4,3,0.5085952,-1.13211
944,9,4,4,0.4452637,-0.8140384
945,9,4,5,1.3577943,-1.1697159
946,9,4,6,1.0340576,0.22306189
947,9,4,7,-0.7947525,0.22205873
948,9,4,8,-1.9595637,-0.20549516
949,9,4,9,-1.6784556,-1.1515851
950,9,5,0,-0.66798145,0.09080785
951,9,5,1,0.03659392,0.39838502
952,9,5,2,0.9035792,0.19057256
953,9,5,3,-0.346063,0.7619079
954,9,5,4,0.9448637,0.16344602
955,9,5,5,0.5699994,-1.1505287
956,9,5,6,1.2325034,0.2561888
957,9,5,7,-1.4945997,0.84423566
958,9,5,8,-0.9085028,-1.4285215
959,9,5,9,-1.6066695,0.40635258
960,9,6,0,0.88008344,0.42635062
961,9,6,1,1.015153,-0.7262911
962,9,6,2,2.1939802,0.33999857
963,9,6,3,-1.764218,0.35514596
964,9,6,4,-0.010505102,1.6936965
965,9,6,5,0.74921477,-0.7644021
966,9,6,6,-0.7273587,1.1519032
967,9,6,7,-1.3330692,-1.6814349
968,9,6,8,0.22171049,1.4343274
969,9,6,9,0.6833696,0.43827862
970,9,7,0,-1.5021493,1.6232656
971,9,7,1,-1.6187168,-0.027179973
972,9,7,2,-1.1143796,1.2979684
973,9,7,3,-1.6245238,1.0212119
974,9,7,4,0.612126,0.08754418
975,9,7,5,0.02035361,-0.1364516
976,9,7,6,0.05793631,-0.23724009
977,9,7,7,-0.26460478,-0.70631784
978,9,7,8,0.32882735,-0.18071388
979,9,7,9,0.051564816,-1.4402238
980,9,8,0,0.33823526,-0.52539784
981,9,8,1,-0.44459197,0.4926447
982,9,8,2,-0.37750158,-0.42962262
983,9,8,3,-1.1283898,0.56863457
984,9,8,4,0.7640106,-1.3289604
985,9,8,5,-0.8352042,0.3803362
986,9,8,6,-0.034319527,-0.8213488
987,9,8,7,0.48449144,-1.3987675
988,9,8,8,1.9548348,-0.16868499
989,9,8,9,-0.32533967,1.1138723
990,9,9,0,0.54030764,-1.3523297
991,9,9,1,-0.20314386,-0.71869326
992,9,9,2,0.78050995,1.0348974
993,9,9,3,-0.18721277,0.7975721
994,9,9,4,0.13313144,-1.3367336
995,9,9,5,-2.041581,-1.2940538
996,9,9,6,0.1281335,1.7354916
997,9,9,7,0.1365403,-1.4426479
998,9,9,8,-1.5543089,-0.33482656
999,9,9,9,-0.012547708,0.16831876
